{
    "info": {
        "time": [
            "17:51:13"
        ],
        "date": [
            "04/20/23"
        ],
        "duration": [
            "4.63 min"
        ],
        "id": [
            1
        ]
    },
    "apply_SFTA_d": {
        "deviation": [
            "20"
        ],
        "saved": [
            "False"
        ],
        "eval": [
            "False"
        ]
    },
    "GradientBoostingClassifier": {
        "n_estimators": [
            "1"
        ],
        "learning_rate": [
            "50"
        ],
        "max_depth": [
            "3"
        ],
        "random_state": [
            "0"
        ],
        "loss": [
            "log_loss"
        ],
        "subsample": [
            "1.0"
        ],
        "criterion": [
            "friedman_mse"
        ],
        "min_samples_split": [
            "2"
        ],
        "min_samples_leaf": [
            "1"
        ],
        "min_weight_fraction_leaf": [
            "0.0"
        ],
        "min_impurity_decrease": [
            "0.0"
        ],
        "verbose": [
            "0"
        ],
        "warm_start": [
            "False"
        ],
        "validation_fraction": [
            "0.1"
        ],
        "tol": [
            "0.0"
        ],
        "ccp_alpha": [
            "0.0"
        ]
    },
    "metrics": {
        "accuracy": [
            0.5
        ]
    }
}