{
    "info": {
        "time": "true",
        "date": "true",
        "duration": "true",
        "id": "true"
    },
    "apply_SFTA_d": {
        "deviation": "true",
        "saved": "true",
        "eval": "false"
    },
    "GradientBoostingClassifier": {
        "n_estimators": "true",
        "learning_rate": "true",
        "max_depth": "true",
        "random_state": "true",
        "loss": "false",
        "subsample": "false",
        "criterion": "false",
        "min_samples_split": "false",
        "min_samples_leaf": "false",
        "min_weight_fraction_leaf": "false",
        "min_impurity_decrease": "false",
        "verbose": "false",
        "warm_start": "false",
        "validation_fraction": "false",
        "tol": "false",
        "ccp_alpha": "false"
    },
    "metrics": {
        "accuracy": "true"
    }
}