{
    "info": {
        "time": "true",
        "date": "true",
        "duration": "true",
        "id": "true"
    },
    "apply_LBP_d": {
        "P": "true",
        "R": "true",
        "method": "false",
        "saved": "false",
        "eval": "false"
    },
    "SVC": {
        "kernel": "true",
        "C": "true",
        "gamma": "true",
        "degree": "true",
        "coef0": "false",
        "shrinking": "false",
        "probability": "false",
        "tol": "false",
        "cache_size": "false",
        "verbose": "false",
        "max_iter": "false",
        "decision_function_shape": "false",
        "break_ties": "false"
    },
    "metrics": {
        "Micro_F1": "true"
    }
}