{
    "info": {
        "time": "true",
        "date": "true",
        "duration": "true",
        "id": "true"
    },
    "ConvNet": {
        "hidden_size": "true",
        "output_size": "true",
        "kernel_dim": "true",
        "in_channels": "true",
        "mid_channels": "true",
        "out_channels": "true",
        "pool_dim": "false",
        "pool_stride": "false"
    },
    "Adam": {
        "lr": "true",
        "eps": "false",
        "weight_decay": "false",
        "amsgrad": "false",
        "maximize": "false",
        "capturable": "false",
        "differentiable": "false",
        "fused": "false"
    },
    "train_model": {
        "model": "true",
        "num_epochs": "true",
        "criterion": "true",
        "optimizer": "true",
        "device": "true"
    },
    "metrics": {
        "accuracy": "true",
        "rand_accurary": "true"
    }
}